PassengerId,Survived,Pclass,Name,Sex,Age,SibSp,Parch,Ticket,Fare,Cabin,Embarked
1,0,2,Passenger_1,male,37.0,0,1,T1,28.0,,S
2,1,3,Passenger_2,female,28.1,2,0,T2,8.36,C2,S
3,0,1,Passenger_3,male,39.1,1,0,T3,5.13,,C
4,0,3,Passenger_4,female,51.3,0,0,T4,33.95,,S
5,0,3,Passenger_5,male,,0,0,T5,36.58,,Q
6,0,2,Passenger_6,male,26.7,1,0,T6,44.64,,S
7,0,1,Passenger_7,male,52.1,0,1,T7,22.41,,S
8,0,1,Passenger_8,male,,0,0,T8,71.83,,S
9,0,3,Passenger_9,male,23.4,0,0,T9,88.14,,S
10,1,3,Passenger_10,male,,0,0,T10,52.7,,S
11,0,2,Passenger_11,female,23.5,2,0,T11,32.3,C11,C
12,1,1,Passenger_12,female,23.5,1,0,T12,11.58,C12,S
13,0,3,Passenger_13,female,,0,0,T13,130.28,,S
14,0,3,Passenger_14,male,3.2,0,0,T14,10.25,,S
15,1,2,Passenger_15,male,5.9,1,0,T15,7.25,,S
16,0,2,Passenger_16,male,22.1,1,0,T16,18.68,,Q
17,1,1,Passenger_17,female,,0,0,T17,1.87,,C
18,0,3,Passenger_18,female,34.4,0,2,T18,122.86,,S
19,1,3,Passenger_19,male,17.3,0,1,T19,28.41,,S
20,0,1,Passenger_20,male,10.2,1,2,T20,26.05,C20,S
21,1,3,Passenger_21,male,50.5,1,0,T21,34.13,,Q
22,0,2,Passenger_22,male,26.8,0,2,T22,21.99,,S
23,0,2,Passenger_23,male,30.9,1,1,T23,1.04,C23,C
24,0,2,Passenger_24,male,10.1,0,1,T24,30.32,,C
25,1,3,Passenger_25,female,22.4,0,0,T25,40.3,,S
26,0,3,Passenger_26,male,,0,0,T26,17.25,,C
27,0,3,Passenger_27,male,13.9,0,2,T27,45.31,,S
28,0,2,Passenger_28,female,35.3,0,0,T28,8.24,,S
29,0,1,Passenger_29,male,21.6,0,0,T29,8.0,,S
30,1,1,Passenger_30,male,25.9,0,2,T30,5.63,,Q
31,0,3,Passenger_31,male,21.6,0,0,T31,14.89,C31,C
32,1,1,Passenger_32,male,55.9,0,0,T32,60.08,C32,S
33,0,3,Passenger_33,male,,0,0,T33,56.31,C33,C
34,1,2,Passenger_34,female,15.2,0,2,T34,15.44,,S
35,1,2,Passenger_35,male,41.5,0,0,T35,28.46,,Q
36,0,3,Passenger_36,male,,0,0,T36,40.83,C36,S
37,1,2,Passenger_37,female,32.9,1,0,T37,8.83,C37,S
38,0,1,Passenger_38,male,2.6,1,1,T38,5.89,,S
39,1,2,Passenger_39,female,,1,0,T39,114.53,,C
40,0,3,Passenger_40,female,32.8,0,2,T40,30.76,,C
41,0,3,Passenger_41,male,40.3,0,2,T41,127.53,C41,S
42,1,2,Passenger_42,female,32.4,1,0,T42,13.19,,S
43,0,3,Passenger_43,male,,0,0,T43,38.85,,C
44,1,1,Passenger_44,female,25.8,0,0,T44,8.06,,S
45,1,1,Passenger_45,male,9.3,0,0,T45,9.69,,S
46,0,1,Passenger_46,female,19.9,1,0,T46,22.95,C46,Q
47,1,3,Passenger_47,female,23.6,0,2,T47,12.32,,S
48,0,1,Passenger_48,male,,1,1,T48,5.87,C48,S
49,0,1,Passenger_49,male,34.8,1,0,T49,9.76,C49,S
50,1,2,Passenger_50,female,,0,0,T50,1.16,,C
51,1,1,Passenger_51,female,,1,0,T51,39.0,,S
52,0,3,Passenger_52,male,24.6,0,0,T52,21.68,,Q
53,1,1,Passenger_53,female,20.5,1,0,T53,3.17,C53,S
54,0,1,Passenger_54,male,38.6,0,2,T54,6.03,,S
55,0,3,Passenger_55,male,44.4,1,2,T55,3.46,,S
56,0,2,Passenger_56,male,43.0,0,0,T56,30.34,C56,C
57,0,3,Passenger_57,male,18.3,2,2,T57,3.17,,S
58,1,3,Passenger_58,female,25.7,0,0,T58,44.91,C58,C
59,0,2,Passenger_59,male,34.6,0,0,T59,0.66,,S
60,1,3,Passenger_60,female,43.7,1,0,T60,9.18,,S
61,0,1,Passenger_61,male,,1,0,T61,70.83,,S
62,1,3,Passenger_62,male,27.4,0,2,T62,40.57,C62,C
63,0,2,Passenger_63,male,14.5,0,0,T63,2.42,,S
64,0,2,Passenger_64,male,13.3,0,0,T64,55.07,C64,S
65,0,3,Passenger_65,male,,2,0,T65,21.74,C65,S
66,0,3,Passenger_66,male,49.0,1,0,T66,60.03,,C
67,0,3,Passenger_67,male,29.0,1,0,T67,29.38,C67,S
68,0,3,Passenger_68,male,44.0,0,0,T68,36.65,,C
69,0,2,Passenger_69,male,35.1,0,0,T69,161.16,,S
70,0,1,Passenger_70,male,,0,0,T70,8.46,,S
71,0,2,Passenger_71,female,35.1,1,0,T71,31.3,C71,S
72,1,3,Passenger_72,female,51.5,0,0,T72,19.74,,C
73,0,2,Passenger_73,male,29.5,1,0,T73,1.29,,C
74,0,3,Passenger_74,male,51.9,0,0,T74,0.47,,S
75,0,2,Passenger_75,male,1.0,0,2,T75,4.06,,S
76,1,2,Passenger_76,female,41.5,0,0,T76,33.51,,S
77,0,2,Passenger_77,male,31.2,0,0,T77,26.8,C77,S
78,0,3,Passenger_78,male,25.8,0,0,T78,25.8,C78,S
79,1,3,Passenger_79,male,31.3,0,0,T79,1.04,,S
80,0,3,Passenger_80,male,2.2,0,0,T80,20.27,C80,S
81,0,2,Passenger_81,male,26.9,1,0,T81,82.73,,S
82,0,3,Passenger_82,female,,0,0,T82,16.22,C82,S
83,1,1,Passenger_83,male,50.7,0,0,T83,31.38,,C
84,1,3,Passenger_84,male,22.7,0,1,T84,48.43,,S
85,0,3,Passenger_85,male,18.7,0,0,T85,49.03,,S
86,0,2,Passenger_86,male,23.0,1,0,T86,23.44,C86,C
87,1,3,Passenger_87,female,42.8,0,0,T87,62.45,,S
88,0,3,Passenger_88,male,,1,1,T88,15.89,,S
89,1,1,Passenger_89,female,22.6,0,0,T89,70.25,,S
90,0,3,Passenger_90,male,37.2,0,0,T90,8.79,,S
91,0,2,Passenger_91,male,31.4,0,0,T91,10.52,,S
92,1,2,Passenger_92,female,43.6,0,0,T92,1.75,,S
93,0,1,Passenger_93,male,20.2,0,0,T93,50.8,C93,Q
94,1,2,Passenger_94,female,25.4,1,1,T94,17.27,,S
95,0,3,Passenger_95,male,,0,0,T95,8.33,,S
96,1,2,Passenger_96,female,,0,0,T96,8.44,,S
97,0,3,Passenger_97,male,34.1,0,0,T97,74.13,C97,S
98,0,2,Passenger_98,male,33.7,0,0,T98,57.45,C98,S
99,1,3,Passenger_99,female,30.1,0,0,T99,25.8,,C
100,1,3,Passenger_100,female,26.7,0,0,T100,30.64,,S
101,0,3,Passenger_101,female,,0,0,T101,20.58,,S
102,1,1,Passenger_102,female,,0,0,T102,15.91,,S
103,1,2,Passenger_103,female,25.2,0,0,T103,79.06,C103,S
104,0,2,Passenger_104,male,18.8,1,0,T104,4.3,,Q
105,0,3,Passenger_105,male,27.7,0,0,T105,17.35,,S
106,0,3,Passenger_106,male,35.7,0,0,T106,13.52,,S
107,0,1,Passenger_107,male,,2,0,T107,22.06,C107,S
108,0,1,Passenger_108,male,32.4,0,0,T108,19.58,,Q
109,0,3,Passenger_109,male,33.6,0,0,T109,23.41,,S
110,0,1,Passenger_110,male,29.0,0,0,T110,4.82,,S
111,1,3,Passenger_111,female,3.1,0,2,T111,23.03,C111,C
112,0,3,Passenger_112,male,29.6,0,0,T112,8.88,,S
113,1,3,Passenger_113,male,,2,0,T113,6.52,,S
114,0,1,Passenger_114,male,,1,1,T114,2.15,,S
115,1,1,Passenger_115,female,27.3,1,0,T115,46.02,,S
116,1,3,Passenger_116,female,34.2,1,0,T116,17.84,,S
117,0,3,Passenger_117,male,29.5,0,1,T117,31.53,,S
118,0,2,Passenger_118,male,13.6,0,0,T118,41.61,,S
119,0,2,Passenger_119,male,46.0,1,0,T119,36.39,,S
120,0,3,Passenger_120,male,40.5,2,0,T120,20.35,,S
121,0,3,Passenger_121,male,41.1,0,0,T121,15.71,C121,S
122,0,3,Passenger_122,male,,2,0,T122,15.09,,Q
123,0,3,Passenger_123,male,49.6,0,0,T123,32.7,C123,S
124,0,1,Passenger_124,male,,0,2,T124,21.85,,S
125,1,1,Passenger_125,female,38.2,0,2,T125,60.52,,S
126,1,3,Passenger_126,female,60.7,0,1,T126,66.47,,Q
127,1,3,Passenger_127,male,,0,1,T127,5.98,,S
128,0,2,Passenger_128,male,22.1,0,2,T128,4.69,,S
129,0,1,Passenger_129,male,31.4,0,0,T129,31.85,,S
130,0,3,Passenger_130,male,23.0,0,0,T130,11.47,,S
131,1,1,Passenger_131,female,8.3,0,0,T131,0.6,C131,S
132,0,2,Passenger_132,male,,3,1,T132,70.24,,S
133,1,3,Passenger_133,female,15.1,0,0,T133,8.24,C133,S
134,0,3,Passenger_134,male,36.6,0,0,T134,84.77,,Q
135,1,3,Passenger_135,female,,0,0,T135,40.44,,S
136,0,2,Passenger_136,male,51.7,0,0,T136,46.02,,S
137,1,3,Passenger_137,female,,1,0,T137,7.2,,S
138,0,3,Passenger_138,male,,0,0,T138,8.54,,S
139,1,3,Passenger_139,male,41.4,1,0,T139,23.57,,S
140,0,3,Passenger_140,male,,0,0,T140,6.04,,S
141,0,2,Passenger_141,male,33.2,0,0,T141,11.66,,S
142,1,1,Passenger_142,female,48.3,0,0,T142,12.41,,C
143,1,1,Passenger_143,female,7.5,0,0,T143,5.57,C143,Q
144,0,1,Passenger_144,female,32.6,0,0,T144,7.35,C144,S
145,0,3,Passenger_145,male,,0,0,T145,49.72,,S
146,0,3,Passenger_146,female,,0,1,T146,5.85,C146,Q
147,0,3,Passenger_147,male,12.7,0,0,T147,0.92,,C
148,0,3,Passenger_148,male,11.5,3,0,T148,31.76,,C
149,1,2,Passenger_149,male,,0,0,T149,119.33,C149,S
150,1,2,Passenger_150,male,34.2,0,0,T150,12.87,,S
151,0,2,Passenger_151,male,,0,1,T151,4.04,,S
152,1,1,Passenger_152,male,34.9,0,0,T152,27.04,,S
153,0,1,Passenger_153,male,20.5,0,0,T153,75.78,,S
154,1,3,Passenger_154,female,33.3,1,0,T154,49.05,,S
155,0,3,Passenger_155,male,34.1,2,2,T155,31.18,C155,S
156,0,1,Passenger_156,male,20.0,0,0,T156,12.11,,S
157,0,1,Passenger_157,male,56.1,0,0,T157,24.98,,S
158,0,3,Passenger_158,male,36.6,0,0,T158,3.06,C158,Q
159,0,2,Passenger_159,male,,0,1,T159,36.36,,S
160,0,3,Passenger_160,male,39.2,0,0,T160,41.32,,C
161,0,3,Passenger_161,male,16.4,0,1,T161,107.31,,S
162,1,3,Passenger_162,female,41.0,0,0,T162,9.65,,S
163,0,2,Passenger_163,male,46.2,0,0,T163,0.6,C163,Q
164,1,3,Passenger_164,female,18.5,0,0,T164,25.24,,S
165,0,3,Passenger_165,male,43.5,0,0,T165,39.26,C165,S
166,0,3,Passenger_166,male,35.8,1,0,T166,50.0,,S
167,1,2,Passenger_167,female,,0,2,T167,6.89,C167,S
168,0,1,Passenger_168,male,,1,0,T168,9.71,,C
169,0,3,Passenger_169,male,26.6,0,0,T169,23.0,C169,Q
170,1,3,Passenger_170,female,,1,0,T170,12.84,,S
171,0,3,Passenger_171,male,17.5,0,0,T171,63.03,C171,S
172,1,3,Passenger_172,female,18.6,0,1,T172,20.54,,S
173,0,3,Passenger_173,male,28.9,1,1,T173,51.43,,C
174,1,1,Passenger_174,female,34.8,0,0,T174,27.81,C174,S
175,0,3,Passenger_175,male,,2,2,T175,47.46,,S
176,0,3,Passenger_176,male,41.6,0,0,T176,12.94,C176,S
177,0,3,Passenger_177,male,30.2,0,1,T177,56.97,,S
178,1,3,Passenger_178,male,50.3,0,0,T178,10.27,,S
179,0,1,Passenger_179,male,26.3,2,1,T179,25.28,,S
180,0,3,Passenger_180,male,68.1,0,0,T180,7.71,,S
181,0,1,Passenger_181,male,38.8,2,0,T181,20.65,,S
182,0,2,Passenger_182,male,18.0,1,1,T182,12.26,,C
183,0,3,Passenger_183,male,15.0,0,0,T183,9.93,,C
184,1,1,Passenger_184,female,36.8,1,0,T184,109.15,,S
185,1,3,Passenger_185,male,,3,1,T185,5.58,,S
186,0,1,Passenger_186,male,40.0,0,1,T186,49.54,,S
187,0,1,Passenger_187,male,,0,0,T187,132.66,,S
188,0,3,Passenger_188,male,,0,1,T188,0.64,,S
189,1,3,Passenger_189,female,18.1,0,0,T189,38.42,,S
190,0,3,Passenger_190,male,8.8,0,0,T190,9.33,C190,S
191,1,3,Passenger_191,female,23.7,0,1,T191,1.32,C191,C
192,0,3,Passenger_192,male,42.0,0,0,T192,16.5,,S
193,0,2,Passenger_193,female,33.0,0,0,T193,87.58,,S
194,0,1,Passenger_194,male,12.6,0,0,T194,0.38,C194,S
195,0,1,Passenger_195,female,32.4,1,0,T195,28.37,,Q
196,0,3,Passenger_196,male,35.4,1,0,T196,22.27,,C
197,0,3,Passenger_197,male,17.6,0,1,T197,66.13,,C
198,0,2,Passenger_198,male,,0,1,T198,2.81,C198,C
199,0,3,Passenger_199,male,30.8,0,0,T199,36.61,,Q
200,1,3,Passenger_200,female,14.0,2,1,T200,36.47,,S
201,0,1,Passenger_201,male,35.0,0,0,T201,35.39,C201,S
202,0,1,Passenger_202,male,37.9,0,0,T202,91.3,C202,S
203,1,3,Passenger_203,female,45.2,2,1,T203,55.43,,C
204,0,3,Passenger_204,male,44.8,2,0,T204,1.37,,C
205,1,3,Passenger_205,female,10.7,1,0,T205,20.38,C205,S
206,1,1,Passenger_206,female,16.9,1,0,T206,16.24,,S
207,0,3,Passenger_207,male,37.2,0,0,T207,11.88,,S
208,0,1,Passenger_208,female,37.2,0,1,T208,19.21,,Q
209,1,1,Passenger_209,male,37.2,0,0,T209,15.51,C209,S
210,0,3,Passenger_210,male,80.0,0,0,T210,18.12,,S
211,0,2,Passenger_211,male,38.0,1,0,T211,124.02,C211,S
212,1,3,Passenger_212,male,45.9,0,0,T212,2.97,C212,S
213,1,1,Passenger_213,female,43.4,0,0,T213,81.73,,C
214,1,3,Passenger_214,female,,2,0,T214,20.94,,S
215,0,3,Passenger_215,male,25.6,0,1,T215,31.28,,C
216,1,2,Passenger_216,male,40.6,2,2,T216,56.74,,S
217,1,3,Passenger_217,female,,3,0,T217,14.3,,S
218,0,1,Passenger_218,male,26.7,0,0,T218,18.01,C218,S
219,0,3,Passenger_219,male,23.2,0,0,T219,16.86,,S
220,0,2,Passenger_220,male,,0,2,T220,15.03,C220,S
221,0,1,Passenger_221,female,62.4,0,2,T221,83.12,,S
222,0,2,Passenger_222,male,3.9,0,0,T222,56.5,,S
223,1,1,Passenger_223,female,39.6,0,0,T223,3.69,,Q
224,1,3,Passenger_224,female,7.4,2,0,T224,3.66,,S
225,1,2,Passenger_225,male,23.4,0,0,T225,17.87,,C
226,0,2,Passenger_226,male,45.2,1,0,T226,3.32,,S
227,1,2,Passenger_227,female,30.9,0,0,T227,30.89,,S
228,0,2,Passenger_228,male,14.9,0,0,T228,4.96,,S
229,1,3,Passenger_229,female,,2,0,T229,23.65,,S
230,1,3,Passenger_230,female,39.5,0,0,T230,0.23,,S
231,1,2,Passenger_231,male,19.8,0,0,T231,12.18,,S
232,1,3,Passenger_232,female,33.0,0,0,T232,36.18,C232,S
233,1,3,Passenger_233,female,30.6,1,0,T233,21.18,,Q
234,1,1,Passenger_234,female,20.9,1,0,T234,122.53,,S
235,1,3,Passenger_235,male,60.0,0,0,T235,66.31,,C
236,0,3,Passenger_236,male,,0,0,T236,14.23,,S
237,0,3,Passenger_237,male,1.6,2,0,T237,1.49,,S
238,1,3,Passenger_238,female,32.6,2,0,T238,59.79,,S
239,1,2,Passenger_239,male,20.7,0,0,T239,77.5,,S
240,0,3,Passenger_240,female,,1,0,T240,54.99,,S
241,0,3,Passenger_241,male,,0,0,T241,4.38,,S
242,1,3,Passenger_242,male,28.4,0,0,T242,197.54,,S
243,0,3,Passenger_243,male,37.1,0,0,T243,9.57,,S
244,0,2,Passenger_244,female,42.1,0,0,T244,41.22,C244,C
245,0,3,Passenger_245,male,13.2,0,0,T245,76.36,,C
246,1,3,Passenger_246,male,25.3,0,0,T246,8.6,,S
247,0,1,Passenger_247,male,23.4,0,0,T247,76.44,,S
248,1,2,Passenger_248,female,20.9,1,0,T248,11.85,,S
249,0,3,Passenger_249,male,,1,0,T249,119.91,,S
250,0,1,Passenger_250,male,,0,2,T250,10.57,,S
251,0,1,Passenger_251,female,,1,0,T251,98.14,,S
252,0,3,Passenger_252,female,42.9,0,0,T252,1.76,,S
253,1,2,Passenger_253,female,59.7,0,0,T253,39.53,,S
254,0,2,Passenger_254,male,44.5,1,2,T254,24.3,,S
255,0,2,Passenger_255,male,8.7,0,1,T255,20.8,,C
256,0,1,Passenger_256,female,23.2,0,0,T256,8.09,,C
257,0,3,Passenger_257,male,47.7,0,1,T257,39.13,,S
258,1,3,Passenger_258,female,20.1,1,0,T258,6.78,C258,Q
259,1,1,Passenger_259,male,36.2,0,1,T259,25.75,,Q
260,0,2,Passenger_260,male,,1,1,T260,9.34,,S
261,1,3,Passenger_261,male,17.0,0,0,T261,99.68,,S
262,0,1,Passenger_262,male,,0,0,T262,0.93,C262,S
263,0,1,Passenger_263,male,1.0,1,0,T263,7.13,,Q
264,0,1,Passenger_264,male,15.7,0,0,T264,8.88,,C
265,0,3,Passenger_265,female,,0,0,T265,17.11,,S
266,0,3,Passenger_266,male,,0,0,T266,8.48,,S
267,1,3,Passenger_267,female,52.9,1,0,T267,21.63,,S
268,1,3,Passenger_268,female,10.0,0,0,T268,65.9,,S
269,1,3,Passenger_269,male,23.8,0,0,T269,39.84,C269,S
270,0,3,Passenger_270,male,31.8,0,0,T270,27.76,,C
271,1,3,Passenger_271,female,,2,0,T271,2.98,,S
272,0,1,Passenger_272,male,,0,0,T272,37.89,C272,C
273,1,3,Passenger_273,female,46.3,0,0,T273,5.82,,C
274,0,3,Passenger_274,female,30.1,0,0,T274,49.39,,C
275,1,3,Passenger_275,female,,0,0,T275,9.21,,S
276,0,2,Passenger_276,male,36.5,0,2,T276,17.27,,S
277,0,2,Passenger_277,male,32.8,0,0,T277,13.81,,S
278,0,3,Passenger_278,male,21.6,0,0,T278,62.65,C278,S
279,0,3,Passenger_279,male,31.0,1,0,T279,4.33,,S
280,1,3,Passenger_280,female,24.6,1,0,T280,26.68,,S
281,1,2,Passenger_281,male,31.6,0,0,T281,4.9,,S
282,0,3,Passenger_282,male,39.3,1,0,T282,39.04,C282,S
283,1,3,Passenger_283,female,,0,0,T283,75.35,C283,S
284,0,3,Passenger_284,male,,1,1,T284,18.25,C284,S
285,0,3,Passenger_285,male,59.9,0,0,T285,21.43,,S
286,0,3,Passenger_286,male,2.7,0,0,T286,83.94,,C
287,0,3,Passenger_287,female,27.9,2,1,T287,23.55,,S
288,1,3,Passenger_288,male,38.2,1,0,T288,21.4,,S
289,0,3,Passenger_289,female,33.9,0,0,T289,27.63,,S
290,0,1,Passenger_290,male,,0,0,T290,37.4,,S
291,1,1,Passenger_291,female,27.1,0,0,T291,3.62,,S
292,1,3,Passenger_292,female,23.1,0,0,T292,55.07,,C
293,1,3,Passenger_293,male,21.7,0,0,T293,18.3,,S
294,0,3,Passenger_294,male,,0,1,T294,2.4,,S
295,0,3,Passenger_295,male,35.0,1,2,T295,49.36,,S
296,0,1,Passenger_296,female,20.3,0,2,T296,15.14,,S
297,0,3,Passenger_297,male,42.6,0,2,T297,3.38,,S
298,0,3,Passenger_298,male,34.3,0,0,T298,32.14,,S
299,1,2,Passenger_299,male,41.4,0,0,T299,67.88,,S
300,0,2,Passenger_300,male,38.8,0,0,T300,69.99,,S
301,0,3,Passenger_301,male,18.4,0,0,T301,101.19,,S
302,0,1,Passenger_302,male,22.2,1,1,T302,64.73,C302,S
303,0,3,Passenger_303,male,,1,0,T303,0.07,,S
304,1,2,Passenger_304,female,38.5,0,2,T304,15.31,,Q
305,1,3,Passenger_305,female,29.7,0,1,T305,54.62,,
306,0,3,Passenger_306,male,31.6,0,2,T306,14.6,,S
307,1,3,Passenger_307,female,47.9,1,1,T307,29.45,,S
308,1,2,Passenger_308,female,21.7,1,0,T308,29.83,,S
309,0,3,Passenger_309,female,37.7,0,0,T309,14.53,C309,S
310,0,2,Passenger_310,male,27.2,0,0,T310,75.15,,S
311,0,2,Passenger_311,male,,1,0,T311,22.39,C311,S
312,0,3,Passenger_312,male,45.4,0,0,T312,20.0,,S
313,1,3,Passenger_313,female,41.6,0,1,T313,191.9,,S
314,0,3,Passenger_314,male,,1,2,T314,21.77,C314,S
315,0,2,Passenger_315,male,48.3,1,0,T315,6.29,,C
316,0,1,Passenger_316,male,30.3,0,0,T316,23.03,,S
317,0,1,Passenger_317,male,39.5,0,0,T317,53.83,,S
318,0,3,Passenger_318,male,25.7,0,0,T318,48.0,,S
319,0,3,Passenger_319,male,34.5,0,0,T319,49.73,,S
320,1,3,Passenger_320,male,28.2,0,0,T320,39.39,,S
321,1,3,Passenger_321,male,31.4,0,0,T321,9.39,,S
322,1,1,Passenger_322,female,38.3,1,0,T322,63.4,,S
323,1,2,Passenger_323,female,18.5,1,0,T323,71.65,,S
324,0,1,Passenger_324,female,59.3,0,0,T324,6.91,,S
325,1,2,Passenger_325,female,15.9,0,0,T325,4.47,,S
326,1,1,Passenger_326,male,13.0,0,0,T326,118.83,,C
327,0,3,Passenger_327,male,46.2,1,0,T327,64.88,,
328,1,1,Passenger_328,female,41.1,0,2,T328,71.59,,S
329,0,3,Passenger_329,male,38.7,0,0,T329,69.6,C329,S
330,0,2,Passenger_330,male,,1,0,T330,24.97,,S
331,0,3,Passenger_331,male,29.8,0,0,T331,33.27,,C
332,0,3,Passenger_332,male,,2,0,T332,25.22,,S
333,1,3,Passenger_333,male,31.1,3,2,T333,1.68,,S
334,0,1,Passenger_334,male,20.5,0,0,T334,43.79,,S
335,0,3,Passenger_335,male,43.7,0,0,T335,22.52,C335,S
336,0,3,Passenger_336,female,27.9,2,0,T336,33.39,,S
337,1,1,Passenger_337,male,18.4,2,0,T337,22.35,C337,S
338,0,1,Passenger_338,male,25.5,0,0,T338,21.66,C338,S
339,0,2,Passenger_339,male,35.8,0,0,T339,6.03,C339,C
340,1,3,Passenger_340,female,22.1,0,0,T340,10.46,C340,S
341,0,3,Passenger_341,male,18.5,3,0,T341,5.54,,C
342,1,3,Passenger_342,male,,0,0,T342,6.97,,C
343,1,1,Passenger_343,male,33.4,0,0,T343,115.55,,C
344,0,1,Passenger_344,male,22.9,1,0,T344,5.32,,S
345,0,3,Passenger_345,female,23.4,0,0,T345,10.04,,S
346,1,1,Passenger_346,female,33.2,0,0,T346,28.58,,C
347,1,3,Passenger_347,male,9.7,0,0,T347,30.15,,S
348,0,3,Passenger_348,male,10.3,1,0,T348,5.35,,S
349,1,1,Passenger_349,female,19.9,0,0,T349,50.51,,C
350,0,3,Passenger_350,male,27.0,1,0,T350,49.22,,C
351,0,1,Passenger_351,male,,0,0,T351,8.67,,S
352,0,3,Passenger_352,male,50.7,0,2,T352,10.9,C352,S
353,1,1,Passenger_353,female,42.0,0,0,T353,88.97,,S
354,1,3,Passenger_354,male,27.8,0,0,T354,55.9,,C
355,1,2,Passenger_355,male,29.7,0,0,T355,38.29,,C
356,1,3,Passenger_356,female,16.0,1,2,T356,2.75,,S
357,0,3,Passenger_357,male,29.7,1,0,T357,17.34,,S
358,0,1,Passenger_358,male,26.0,0,2,T358,26.22,,C
359,1,3,Passenger_359,female,34.5,0,2,T359,6.64,,S
360,0,2,Passenger_360,male,18.4,0,0,T360,19.03,,S
361,1,3,Passenger_361,male,37.3,1,2,T361,29.4,,Q
362,0,1,Passenger_362,male,,0,0,T362,12.69,,S
363,0,3,Passenger_363,male,,0,1,T363,48.59,,S
364,1,1,Passenger_364,male,,0,0,T364,58.73,,S
365,1,2,Passenger_365,male,39.7,0,0,T365,12.51,,S
366,0,2,Passenger_366,male,24.4,0,0,T366,58.38,C366,C
367,1,3,Passenger_367,female,33.1,0,1,T367,3.5,,S
368,0,2,Passenger_368,male,30.2,0,0,T368,58.19,,Q
369,0,3,Passenger_369,male,,1,0,T369,5.3,,S
370,0,3,Passenger_370,male,19.2,0,0,T370,2.77,,S
371,0,1,Passenger_371,female,30.3,0,0,T371,32.85,,S
372,1,3,Passenger_372,male,,0,0,T372,20.43,,S
373,0,1,Passenger_373,male,50.3,0,0,T373,76.31,C373,S
374,0,2,Passenger_374,male,43.4,0,0,T374,14.44,,S
375,0,3,Passenger_375,male,60.1,0,0,T375,10.83,,S
376,0,3,Passenger_376,male,19.3,0,0,T376,22.23,,S
377,0,3,Passenger_377,female,42.2,0,0,T377,19.48,,C
378,0,2,Passenger_378,male,32.6,0,0,T378,13.51,,S
379,0,2,Passenger_379,male,60.7,0,2,T379,37.87,,S
380,0,1,Passenger_380,male,18.7,1,0,T380,45.61,,S
381,1,3,Passenger_381,female,18.2,0,2,T381,61.35,,S
382,0,3,Passenger_382,male,21.6,0,0,T382,115.41,,S
383,0,3,Passenger_383,male,1.0,0,0,T383,9.92,C383,S
384,0,2,Passenger_384,male,,0,0,T384,40.29,,S
385,0,2,Passenger_385,male,,0,1,T385,16.04,C385,C
386,0,2,Passenger_386,male,32.1,0,0,T386,36.17,,C
387,1,1,Passenger_387,male,,1,0,T387,20.68,C387,S
388,1,2,Passenger_388,male,56.3,0,0,T388,162.52,,S
389,0,3,Passenger_389,male,43.3,0,0,T389,41.77,C389,C
390,0,3,Passenger_390,male,,1,1,T390,97.5,C390,S
391,0,3,Passenger_391,male,17.4,2,0,T391,57.65,,C
392,0,3,Passenger_392,male,36.9,0,0,T392,74.62,C392,C
393,0,1,Passenger_393,female,11.5,0,0,T393,53.9,,C
394,1,3,Passenger_394,female,55.6,0,0,T394,19.67,,S
395,0,1,Passenger_395,female,46.5,0,0,T395,9.28,,S
396,1,3,Passenger_396,female,23.4,0,0,T396,14.8,,S
397,0,3,Passenger_397,male,,0,2,T397,0.65,,S
398,0,2,Passenger_398,female,49.0,1,0,T398,23.75,,C
399,0,3,Passenger_399,male,28.4,0,1,T399,22.51,,S
400,0,1,Passenger_400,male,47.3,0,0,T400,23.84,,S
401,0,3,Passenger_401,male,7.7,0,0,T401,116.83,C401,C
402,0,3,Passenger_402,male,21.6,1,0,T402,77.58,,C
403,0,1,Passenger_403,female,30.1,0,0,T403,5.64,,C
404,0,2,Passenger_404,male,30.7,0,0,T404,14.73,,C
405,0,3,Passenger_405,male,23.7,0,0,T405,17.65,,S
406,1,3,Passenger_406,female,38.7,0,0,T406,14.31,,S
407,0,1,Passenger_407,male,15.1,0,0,T407,51.26,,C
408,0,3,Passenger_408,male,28.0,0,0,T408,23.76,,S
409,1,1,Passenger_409,female,31.7,0,0,T409,27.16,C409,S
410,0,1,Passenger_410,male,37.2,0,0,T410,61.36,,S
411,1,2,Passenger_411,male,40.0,0,0,T411,52.46,,S
412,0,1,Passenger_412,male,14.3,0,0,T412,4.54,,S
413,0,1,Passenger_413,male,8.5,0,0,T413,40.05,,S
414,1,3,Passenger_414,female,47.9,0,2,T414,18.29,,S
415,0,2,Passenger_415,male,34.7,0,1,T415,11.17,,S
416,0,1,Passenger_416,male,,0,0,T416,1.64,,S
417,0,1,Passenger_417,male,51.7,2,0,T417,21.37,,S
418,0,3,Passenger_418,male,31.6,0,0,T418,14.05,C418,S
419,1,3,Passenger_419,female,46.5,0,1,T419,9.27,C419,C
420,1,2,Passenger_420,male,,0,0,T420,37.96,,S
421,0,1,Passenger_421,male,58.9,2,0,T421,46.96,,S
422,0,1,Passenger_422,male,54.6,1,0,T422,8.98,,S
423,0,1,Passenger_423,female,26.5,0,0,T423,1.62,,S
424,1,1,Passenger_424,female,,0,0,T424,60.44,,S
425,0,2,Passenger_425,male,,0,0,T425,0.32,,C
426,0,1,Passenger_426,male,49.2,0,0,T426,88.53,,S
427,0,3,Passenger_427,male,16.5,1,0,T427,31.61,,C
428,1,2,Passenger_428,female,39.6,0,0,T428,12.43,,S
429,0,3,Passenger_429,male,44.8,0,0,T429,9.06,C429,S
430,1,3,Passenger_430,female,5.4,1,0,T430,0.29,C430,S
431,0,3,Passenger_431,male,13.4,1,1,T431,8.59,,Q
432,0,2,Passenger_432,female,1.5,0,0,T432,4.74,,S
433,0,2,Passenger_433,male,26.2,0,0,T433,30.31,C433,S
434,0,2,Passenger_434,male,,0,0,T434,5.83,,S
435,0,3,Passenger_435,male,51.0,1,1,T435,24.07,C435,S
436,0,3,Passenger_436,male,31.0,1,1,T436,28.54,,S
437,0,3,Passenger_437,female,52.8,0,0,T437,11.32,C437,S
438,1,3,Passenger_438,female,10.7,1,0,T438,1.14,,S
439,1,2,Passenger_439,female,6.2,1,0,T439,1.21,C439,S
440,0,3,Passenger_440,male,29.2,0,0,T440,0.85,C440,S
441,0,1,Passenger_441,male,,0,0,T441,43.0,,C
442,1,1,Passenger_442,female,,1,2,T442,12.25,,C
443,1,2,Passenger_443,male,1.1,0,0,T443,50.92,C443,C
444,1,1,Passenger_444,male,28.8,0,2,T444,18.09,,S
445,0,3,Passenger_445,male,11.7,1,1,T445,19.31,C445,S
446,0,1,Passenger_446,male,,1,0,T446,23.02,,S
447,0,3,Passenger_447,male,,0,2,T447,39.95,,S
448,0,3,Passenger_448,male,16.8,0,0,T448,10.22,,S
449,0,3,Passenger_449,male,,0,0,T449,4.15,,S
450,1,2,Passenger_450,female,15.2,0,0,T450,25.99,,S
451,1,3,Passenger_451,male,29.1,0,0,T451,12.67,,S
452,0,3,Passenger_452,male,43.4,1,0,T452,18.7,,C
453,0,2,Passenger_453,male,,0,0,T453,33.32,,S
454,1,1,Passenger_454,female,37.1,0,0,T454,21.81,,S
455,0,3,Passenger_455,male,,0,0,T455,30.99,C455,S
456,0,3,Passenger_456,male,18.9,3,0,T456,25.14,C456,S
457,1,3,Passenger_457,male,28.5,0,1,T457,43.08,,S
458,0,3,Passenger_458,male,15.5,0,0,T458,39.17,C458,C
459,0,3,Passenger_459,male,22.2,0,0,T459,24.45,,C
460,1,1,Passenger_460,female,13.2,0,0,T460,36.35,,S
461,1,1,Passenger_461,female,57.5,0,0,T461,66.18,C461,C
462,1,2,Passenger_462,male,30.5,0,0,T462,18.12,,Q
463,0,3,Passenger_463,male,20.2,0,0,T463,17.03,,C
464,1,3,Passenger_464,female,33.0,0,0,T464,46.24,C464,C
465,1,2,Passenger_465,male,28.4,0,0,T465,27.96,,S
466,0,3,Passenger_466,female,26.9,0,2,T466,2.36,C466,S
467,0,2,Passenger_467,male,38.6,0,0,T467,71.25,C467,S
468,1,2,Passenger_468,female,40.6,0,0,T468,1.0,,S
469,0,1,Passenger_469,female,22.6,0,0,T469,44.16,C469,Q
470,1,1,Passenger_470,female,,0,0,T470,45.51,,S
471,1,1,Passenger_471,female,26.1,0,0,T471,97.92,,C
472,0,1,Passenger_472,male,1.0,0,0,T472,1.78,,C
473,1,1,Passenger_473,female,,0,0,T473,29.07,C473,C
474,0,1,Passenger_474,male,49.1,0,0,T474,17.87,,Q
475,0,3,Passenger_475,male,53.0,2,0,T475,12.85,,S
476,1,2,Passenger_476,female,26.5,1,1,T476,3.03,,S
477,0,3,Passenger_477,female,,0,0,T477,26.46,,S
478,0,1,Passenger_478,female,34.4,0,0,T478,20.87,,S
479,0,2,Passenger_479,male,73.1,0,0,T479,3.53,,S
480,1,2,Passenger_480,female,45.7,0,0,T480,30.34,,S
481,0,1,Passenger_481,female,28.2,0,0,T481,42.86,,C
482,0,3,Passenger_482,male,16.6,0,0,T482,46.65,C482,S
483,0,1,Passenger_483,male,7.5,0,0,T483,75.45,,S
484,0,3,Passenger_484,male,32.8,1,0,T484,16.86,,S
485,1,3,Passenger_485,male,19.4,0,0,T485,97.89,C485,S
486,1,3,Passenger_486,female,,1,2,T486,64.18,,S
487,1,3,Passenger_487,male,20.9,1,0,T487,11.25,C487,C
488,0,3,Passenger_488,female,14.9,0,0,T488,5.55,,S
489,1,2,Passenger_489,female,53.6,0,1,T489,18.29,C489,C
490,0,3,Passenger_490,male,42.3,0,0,T490,16.45,,S
491,1,1,Passenger_491,female,29.9,0,0,T491,27.44,,C
492,0,1,Passenger_492,male,50.7,0,0,T492,28.02,,S
493,1,3,Passenger_493,female,,0,0,T493,44.36,C493,S
494,0,3,Passenger_494,male,17.9,0,0,T494,22.82,,S
495,1,3,Passenger_495,female,,2,0,T495,3.54,,C
496,0,1,Passenger_496,male,37.5,0,0,T496,62.53,,S
497,1,3,Passenger_497,male,15.5,2,0,T497,11.86,,S
498,0,1,Passenger_498,female,27.3,0,0,T498,113.62,,Q
499,0,2,Passenger_499,male,,1,1,T499,4.01,,C
500,1,2,Passenger_500,male,10.6,0,0,T500,101.63,C500,S
501,0,2,Passenger_501,male,43.0,0,0,T501,3.05,,S
502,0,1,Passenger_502,female,56.7,1,0,T502,8.41,,S
503,0,3,Passenger_503,male,,0,0,T503,1.53,,S
504,0,3,Passenger_504,male,37.9,0,0,T504,39.08,,S
505,1,2,Passenger_505,male,20.9,0,0,T505,60.77,,Q
506,0,3,Passenger_506,male,23.2,0,2,T506,18.22,,Q
507,0,3,Passenger_507,male,21.7,0,0,T507,84.43,,S
508,0,3,Passenger_508,male,17.9,1,0,T508,28.55,,S
509,0,3,Passenger_509,male,30.7,0,0,T509,31.82,,S
510,0,2,Passenger_510,male,18.4,0,0,T510,59.75,C510,Q
511,0,3,Passenger_511,male,33.8,1,0,T511,11.27,C511,Q
512,1,3,Passenger_512,female,29.3,0,0,T512,14.0,,S
513,0,1,Passenger_513,male,26.7,0,1,T513,75.65,C513,C
514,0,2,Passenger_514,male,17.3,1,0,T514,73.99,,S
515,0,3,Passenger_515,female,21.9,0,0,T515,120.0,,S
516,0,1,Passenger_516,male,40.6,0,0,T516,74.28,,S
517,1,3,Passenger_517,female,,0,0,T517,4.36,,S
518,1,1,Passenger_518,male,16.3,0,0,T518,55.54,C518,S
519,0,3,Passenger_519,male,31.4,0,1,T519,16.88,,S
520,0,2,Passenger_520,male,40.5,0,2,T520,150.04,,S
521,1,3,Passenger_521,female,6.6,1,0,T521,20.45,,Q
522,0,3,Passenger_522,female,37.6,0,0,T522,25.83,,S
523,0,2,Passenger_523,male,20.7,0,1,T523,24.15,,S
524,1,3,Passenger_524,male,38.0,3,0,T524,12.42,,S
525,1,1,Passenger_525,female,,1,0,T525,2.5,,S
526,0,1,Passenger_526,male,4.7,1,0,T526,72.32,C526,S
527,0,2,Passenger_527,male,,0,0,T527,51.93,C527,S
528,0,3,Passenger_528,female,30.7,1,0,T528,4.81,,S
529,0,1,Passenger_529,female,33.6,0,1,T529,47.99,C529,S
530,1,1,Passenger_530,male,17.3,0,1,T530,31.46,,S
531,1,2,Passenger_531,female,38.9,0,0,T531,16.84,,S
532,1,3,Passenger_532,female,6.7,0,0,T532,9.38,,S
533,0,3,Passenger_533,male,,1,1,T533,62.85,,S
534,0,1,Passenger_534,male,13.0,0,0,T534,38.55,C534,S
535,0,1,Passenger_535,male,20.9,0,0,T535,25.39,,C
536,0,3,Passenger_536,female,30.7,1,0,T536,30.1,,S
537,1,2,Passenger_537,female,18.0,0,0,T537,3.06,,S
538,1,3,Passenger_538,male,24.6,0,0,T538,20.55,,C
539,0,3,Passenger_539,female,,0,0,T539,6.89,C539,S
540,0,3,Passenger_540,male,21.9,0,0,T540,7.48,,S
541,0,1,Passenger_541,male,41.7,0,1,T541,34.64,,C
542,0,3,Passenger_542,male,,3,0,T542,77.5,,C
543,0,3,Passenger_543,male,37.4,0,0,T543,16.55,,Q
544,1,3,Passenger_544,female,,0,0,T544,7.45,,S
545,0,2,Passenger_545,male,,1,0,T545,33.48,,S
546,0,2,Passenger_546,female,,0,0,T546,65.58,,S
547,1,1,Passenger_547,male,38.1,0,0,T547,44.15,,S
548,0,3,Passenger_548,male,27.2,0,0,T548,64.98,C548,S
549,0,3,Passenger_549,female,35.2,0,0,T549,24.61,C549,S
550,0,2,Passenger_550,male,21.5,0,1,T550,44.6,,Q
551,0,3,Passenger_551,male,31.2,0,0,T551,4.83,,S
552,0,2,Passenger_552,male,27.8,0,0,T552,13.7,,S
553,1,3,Passenger_553,female,46.3,1,0,T553,15.79,C553,S
554,0,3,Passenger_554,male,,0,0,T554,22.91,,S
555,1,1,Passenger_555,male,34.7,2,2,T555,84.68,,S
556,0,2,Passenger_556,male,24.2,0,1,T556,66.36,,S
557,0,1,Passenger_557,male,23.2,0,0,T557,4.62,,S
558,0,3,Passenger_558,female,23.9,0,0,T558,6.07,,S
559,0,3,Passenger_559,male,,2,0,T559,14.16,,C
560,0,3,Passenger_560,male,,0,0,T560,10.99,,C
561,1,2,Passenger_561,male,34.1,0,0,T561,30.53,,S
562,1,3,Passenger_562,male,59.1,1,0,T562,74.58,,S
563,0,1,Passenger_563,female,,0,1,T563,104.89,,C
564,0,3,Passenger_564,male,25.4,1,0,T564,33.93,,C
565,1,1,Passenger_565,female,,0,0,T565,58.28,,S
566,0,3,Passenger_566,male,24.3,1,0,T566,23.84,,C
567,0,3,Passenger_567,male,1.5,2,0,T567,7.48,,S
568,1,3,Passenger_568,female,15.9,0,0,T568,23.8,C568,C
569,0,3,Passenger_569,male,,0,0,T569,25.92,,Q
570,1,1,Passenger_570,female,,0,0,T570,43.41,,S
571,0,1,Passenger_571,female,30.3,2,0,T571,7.95,,C
572,0,3,Passenger_572,male,,0,1,T572,14.7,,S
573,0,2,Passenger_573,male,34.6,0,0,T573,14.48,,Q
574,1,1,Passenger_574,female,,1,0,T574,102.56,,S
575,0,3,Passenger_575,male,41.6,0,0,T575,18.78,,C
576,0,3,Passenger_576,male,1.0,0,1,T576,45.02,C576,S
577,0,1,Passenger_577,male,33.3,0,0,T577,44.47,,S
578,0,2,Passenger_578,male,40.8,0,0,T578,9.88,C578,S
579,1,1,Passenger_579,female,9.3,0,2,T579,27.15,C579,Q
580,0,2,Passenger_580,male,46.0,0,0,T580,71.91,,C
581,0,3,Passenger_581,male,34.7,0,0,T581,20.63,C581,C
582,0,3,Passenger_582,male,24.2,1,0,T582,92.88,,Q
583,0,3,Passenger_583,male,,1,1,T583,7.72,C583,S
584,0,1,Passenger_584,male,61.8,0,0,T584,2.47,,S
585,1,3,Passenger_585,female,32.5,0,0,T585,71.06,,S
586,0,3,Passenger_586,male,,1,0,T586,60.22,,S
587,1,1,Passenger_587,female,23.6,0,2,T587,156.96,,S
588,1,3,Passenger_588,female,18.1,0,0,T588,36.4,,S
589,0,3,Passenger_589,male,41.6,0,0,T589,88.31,,S
590,0,3,Passenger_590,male,18.0,0,2,T590,56.13,,S
591,0,3,Passenger_591,male,31.0,2,0,T591,59.54,,S
592,0,1,Passenger_592,male,,0,2,T592,26.94,,S
593,0,1,Passenger_593,female,36.7,0,2,T593,15.42,,Q
594,1,3,Passenger_594,female,34.7,0,1,T594,87.25,C594,C
595,0,1,Passenger_595,male,,2,0,T595,18.11,,Q
596,0,2,Passenger_596,male,22.9,0,0,T596,24.77,C596,S
597,1,3,Passenger_597,female,26.2,0,1,T597,18.91,,S
598,0,3,Passenger_598,female,,0,2,T598,26.62,,C
599,1,3,Passenger_599,male,23.8,0,0,T599,20.35,,S
600,0,3,Passenger_600,male,35.3,0,1,T600,1.57,C600,S
601,0,3,Passenger_601,male,,0,0,T601,68.4,,S
602,1,3,Passenger_602,female,17.1,0,0,T602,18.81,,S
603,0,1,Passenger_603,male,42.2,0,0,T603,28.45,,S
604,0,2,Passenger_604,male,49.0,0,1,T604,4.8,C604,S
605,1,2,Passenger_605,male,35.8,1,0,T605,0.11,,S
606,0,1,Passenger_606,male,56.3,1,0,T606,9.01,,S
607,0,2,Passenger_607,male,,1,2,T607,39.02,,S
608,1,1,Passenger_608,female,12.6,1,0,T608,3.34,,C
609,0,3,Passenger_609,male,5.1,0,0,T609,76.66,,S
610,0,3,Passenger_610,male,50.9,0,0,T610,7.75,,S
611,1,1,Passenger_611,male,,0,0,T611,7.32,,C
612,0,3,Passenger_612,male,29.2,1,0,T612,6.41,,S
613,0,3,Passenger_613,male,,3,2,T613,0.45,,S
614,1,1,Passenger_614,male,14.2,0,0,T614,47.28,C614,S
615,0,3,Passenger_615,male,64.2,0,1,T615,66.55,C615,S
616,0,3,Passenger_616,male,31.8,0,0,T616,30.47,,S
617,0,2,Passenger_617,male,31.5,0,0,T617,6.67,,C
618,1,3,Passenger_618,male,40.2,0,0,T618,10.75,,S
619,1,2,Passenger_619,female,36.7,0,0,T619,20.68,C619,S
620,0,3,Passenger_620,female,33.1,2,0,T620,98.77,,S
621,0,1,Passenger_621,male,18.9,0,0,T621,9.09,,S
622,0,3,Passenger_622,male,36.6,2,0,T622,42.09,,S
623,1,2,Passenger_623,female,56.3,1,0,T623,18.52,,S
624,0,3,Passenger_624,male,48.8,1,0,T624,11.32,,S
625,1,1,Passenger_625,female,52.3,0,0,T625,19.48,,S
626,1,3,Passenger_626,female,22.8,0,2,T626,2.36,,S
627,0,3,Passenger_627,male,16.1,0,0,T627,51.29,,S
628,0,3,Passenger_628,male,28.2,0,0,T628,8.92,,C
629,1,3,Passenger_629,female,,0,2,T629,41.36,,S
630,0,3,Passenger_630,male,45.3,3,1,T630,2.27,,S
631,0,3,Passenger_631,male,6.3,1,0,T631,99.31,,S
632,1,3,Passenger_632,male,51.4,1,0,T632,6.86,C632,C
633,0,3,Passenger_633,male,27.8,1,0,T633,68.59,,S
634,1,3,Passenger_634,female,24.0,0,0,T634,53.05,,S
635,0,2,Passenger_635,female,15.8,0,1,T635,110.0,,C
636,1,1,Passenger_636,female,6.8,0,0,T636,20.8,,C
637,0,2,Passenger_637,male,,0,0,T637,41.59,,S
638,0,3,Passenger_638,male,31.0,1,2,T638,14.82,,S
639,1,1,Passenger_639,male,,0,0,T639,6.52,C639,C
640,0,3,Passenger_640,male,11.9,0,0,T640,18.73,,Q
641,0,3,Passenger_641,male,25.3,0,1,T641,5.8,,C
642,1,2,Passenger_642,female,53.4,0,0,T642,128.64,,S
643,0,3,Passenger_643,female,,0,1,T643,3.24,,S
644,0,2,Passenger_644,male,,1,2,T644,28.47,,S
645,0,1,Passenger_645,male,26.6,0,0,T645,31.51,,C
646,0,3,Passenger_646,male,,0,0,T646,24.72,,S
647,1,1,Passenger_647,male,,0,0,T647,34.73,,S
648,1,2,Passenger_648,female,,0,0,T648,3.95,,C
649,0,3,Passenger_649,male,26.8,0,0,T649,25.91,,S
650,1,2,Passenger_650,female,39.7,3,0,T650,10.83,,C
651,0,3,Passenger_651,male,55.9,0,0,T651,90.12,,S
652,0,3,Passenger_652,male,45.8,0,0,T652,45.95,C652,S
653,0,2,Passenger_653,female,26.2,0,0,T653,115.01,,S
654,0,1,Passenger_654,male,14.5,0,0,T654,1.22,,C
655,1,3,Passenger_655,male,66.0,0,1,T655,10.74,,S
656,1,3,Passenger_656,male,,0,0,T656,6.96,C656,S
657,0,1,Passenger_657,male,,0,0,T657,0.36,C657,Q
658,1,3,Passenger_658,female,,1,1,T658,8.88,,S
659,0,1,Passenger_659,male,32.8,0,0,T659,36.34,C659,S
660,1,3,Passenger_660,female,28.0,0,0,T660,8.41,,S
661,0,1,Passenger_661,male,22.0,0,2,T661,22.76,,S
662,0,1,Passenger_662,male,,0,0,T662,70.0,C662,S
663,1,1,Passenger_663,female,,1,2,T663,37.87,C663,S
664,0,3,Passenger_664,male,22.4,2,0,T664,16.06,,S
665,0,3,Passenger_665,male,20.0,0,0,T665,14.91,,S
666,0,3,Passenger_666,male,31.5,1,2,T666,19.47,,S
667,0,2,Passenger_667,male,26.4,1,0,T667,6.24,,S
668,0,2,Passenger_668,male,51.1,2,0,T668,32.16,C668,S
669,1,1,Passenger_669,male,1.0,0,1,T669,14.49,,S
670,0,3,Passenger_670,male,,0,1,T670,61.22,,S
671,0,3,Passenger_671,male,47.4,0,2,T671,45.21,,S
672,1,3,Passenger_672,female,1.0,1,0,T672,30.17,,S
673,0,2,Passenger_673,male,25.2,0,0,T673,14.49,,C
674,1,3,Passenger_674,female,24.8,0,0,T674,7.54,,S
675,0,1,Passenger_675,male,,0,0,T675,47.9,C675,Q
676,0,3,Passenger_676,male,19.1,0,1,T676,21.32,C676,Q
677,1,1,Passenger_677,female,14.5,0,0,T677,8.15,,S
678,0,3,Passenger_678,male,54.5,1,0,T678,6.95,C678,S
679,1,2,Passenger_679,female,43.1,0,0,T679,5.79,C679,S
680,0,2,Passenger_680,male,47.8,1,0,T680,48.04,C680,C
681,0,3,Passenger_681,male,40.1,0,2,T681,8.32,,S
682,0,2,Passenger_682,male,14.2,0,0,T682,23.93,,S
683,0,2,Passenger_683,male,22.7,0,0,T683,19.22,,S
684,0,3,Passenger_684,female,36.9,0,1,T684,27.73,,C
685,0,3,Passenger_685,male,,0,0,T685,67.1,,C
686,1,3,Passenger_686,female,40.0,0,0,T686,64.74,,S
687,1,2,Passenger_687,female,26.6,0,0,T687,19.19,,S
688,1,3,Passenger_688,male,24.8,1,0,T688,0.5,,S
689,0,3,Passenger_689,male,40.0,0,0,T689,17.79,,S
690,1,2,Passenger_690,female,36.2,0,1,T690,29.82,,C
691,0,3,Passenger_691,female,24.9,0,0,T691,26.11,C691,S
692,0,2,Passenger_692,male,46.2,0,2,T692,33.72,C692,S
693,0,1,Passenger_693,male,14.9,0,1,T693,5.35,C693,S
694,0,1,Passenger_694,male,38.6,0,0,T694,33.28,C694,C
695,1,1,Passenger_695,female,,0,0,T695,6.45,,C
696,0,3,Passenger_696,male,,0,0,T696,44.43,C696,S
697,1,3,Passenger_697,female,34.6,0,0,T697,13.25,,C
698,0,3,Passenger_698,male,12.5,1,2,T698,39.6,,S
699,0,3,Passenger_699,male,42.9,0,0,T699,1.57,,S
700,0,1,Passenger_700,male,27.4,0,0,T700,16.77,,S
701,1,3,Passenger_701,male,22.7,1,0,T701,39.07,,S
702,1,3,Passenger_702,male,44.7,0,0,T702,8.23,,S
703,0,2,Passenger_703,male,20.1,0,0,T703,50.76,C703,Q
704,0,3,Passenger_704,male,10.3,0,0,T704,31.88,,S
705,0,3,Passenger_705,male,8.2,0,0,T705,28.34,,S
706,0,3,Passenger_706,male,38.5,1,0,T706,13.96,C706,S
707,1,3,Passenger_707,female,12.1,0,0,T707,21.08,,S
708,0,1,Passenger_708,male,54.6,2,0,T708,29.11,,C
709,0,1,Passenger_709,male,1.0,1,0,T709,20.47,,S
710,0,2,Passenger_710,male,53.8,0,0,T710,38.35,,S
711,1,3,Passenger_711,female,,0,0,T711,18.2,,C
712,0,3,Passenger_712,male,28.6,0,0,T712,7.23,C712,S
713,0,3,Passenger_713,female,22.4,0,2,T713,7.7,,S
714,1,2,Passenger_714,female,35.6,0,0,T714,0.19,,S
715,0,1,Passenger_715,male,,0,0,T715,11.46,C715,S
716,0,3,Passenger_716,male,,0,2,T716,44.22,,Q
717,1,3,Passenger_717,female,,0,1,T717,50.58,,C
718,0,1,Passenger_718,male,32.1,2,0,T718,7.24,,S
719,0,3,Passenger_719,male,24.9,0,0,T719,102.25,,C
720,1,3,Passenger_720,female,29.2,2,0,T720,22.33,,S
721,1,3,Passenger_721,male,34.3,2,0,T721,79.64,,S
722,1,3,Passenger_722,female,6.1,0,1,T722,39.26,,S
723,1,2,Passenger_723,male,11.1,1,0,T723,41.01,C723,S
724,0,3,Passenger_724,female,40.4,0,0,T724,2.84,,S
725,0,3,Passenger_725,male,32.4,0,0,T725,7.95,,S
726,0,2,Passenger_726,male,27.4,0,0,T726,0.28,,Q
727,1,2,Passenger_727,male,30.3,0,0,T727,40.3,,S
728,0,3,Passenger_728,female,34.9,0,1,T728,13.51,,S
729,1,2,Passenger_729,male,22.4,0,0,T729,49.43,,S
730,0,1,Passenger_730,male,19.1,0,0,T730,13.24,C730,S
731,1,3,Passenger_731,male,32.7,0,0,T731,54.76,,S
732,0,2,Passenger_732,male,16.3,0,0,T732,4.48,,S
733,0,3,Passenger_733,male,,0,0,T733,6.09,,C
734,0,1,Passenger_734,male,6.2,0,2,T734,13.34,,S
735,0,3,Passenger_735,male,,0,0,T735,16.8,,S
736,0,2,Passenger_736,male,36.6,0,1,T736,13.72,,S
737,0,1,Passenger_737,male,33.6,0,0,T737,46.16,,S
738,0,1,Passenger_738,male,43.8,1,0,T738,3.26,,S
739,0,3,Passenger_739,female,,0,0,T739,13.85,C739,C
740,1,3,Passenger_740,male,44.2,0,0,T740,58.1,C740,S
741,0,1,Passenger_741,male,4.2,0,2,T741,2.21,C741,S
742,0,3,Passenger_742,male,12.1,1,0,T742,91.3,C742,S
743,1,3,Passenger_743,female,21.3,0,0,T743,137.33,,S
744,0,3,Passenger_744,female,30.4,0,0,T744,2.97,C744,S
745,1,2,Passenger_745,female,37.2,0,2,T745,11.02,,C
746,0,3,Passenger_746,male,,0,0,T746,14.91,C746,S
747,0,1,Passenger_747,male,32.6,0,0,T747,47.93,C747,C
748,0,2,Passenger_748,male,19.4,0,0,T748,29.0,,S
749,0,3,Passenger_749,male,21.4,3,0,T749,33.08,C749,C
750,1,3,Passenger_750,male,,0,0,T750,45.34,,S
751,1,2,Passenger_751,female,17.1,0,1,T751,4.02,,S
752,1,1,Passenger_752,female,,1,0,T752,57.31,,S
753,1,3,Passenger_753,female,16.3,0,0,T753,39.13,,Q
754,1,3,Passenger_754,male,44.8,1,0,T754,27.56,,S
755,1,2,Passenger_755,female,16.7,0,0,T755,70.56,,S
756,1,3,Passenger_756,male,66.9,1,0,T756,38.56,C756,S
757,0,1,Passenger_757,male,36.9,0,2,T757,7.21,,C
758,1,2,Passenger_758,female,,1,1,T758,17.97,C758,S
759,0,3,Passenger_759,male,18.0,1,2,T759,21.8,C759,C
760,0,2,Passenger_760,male,39.8,0,1,T760,1.82,C760,S
761,0,2,Passenger_761,male,21.9,0,0,T761,98.98,C761,S
762,1,3,Passenger_762,female,31.7,0,0,T762,4.4,,S
763,1,3,Passenger_763,female,65.8,2,0,T763,38.26,C763,Q
764,0,1,Passenger_764,male,28.7,0,0,T764,22.58,,S
765,1,3,Passenger_765,female,46.1,0,0,T765,0.83,,Q
766,0,3,Passenger_766,male,20.2,0,0,T766,82.78,,S
767,0,1,Passenger_767,male,29.5,0,0,T767,61.1,,S
768,0,3,Passenger_768,female,54.8,0,1,T768,23.77,,S
769,0,2,Passenger_769,female,21.2,2,0,T769,8.32,,S
770,1,2,Passenger_770,female,,0,2,T770,4.15,,C
771,0,3,Passenger_771,male,39.9,1,0,T771,14.45,,Q
772,1,3,Passenger_772,female,22.1,0,0,T772,9.44,,C
773,0,1,Passenger_773,male,38.9,0,0,T773,22.61,C773,C
774,1,2,Passenger_774,female,,0,0,T774,108.59,,S
775,0,3,Passenger_775,male,38.7,0,0,T775,27.38,,S
776,0,2,Passenger_776,female,8.0,2,0,T776,70.61,,Q
777,0,2,Passenger_777,male,19.8,1,0,T777,33.67,,S
778,1,1,Passenger_778,male,,0,0,T778,20.63,C778,S
779,0,3,Passenger_779,male,29.0,0,0,T779,61.71,,S
780,0,2,Passenger_780,male,38.7,0,0,T780,20.4,,S
781,0,1,Passenger_781,male,32.5,2,0,T781,64.95,,Q
782,1,3,Passenger_782,female,11.3,1,0,T782,11.03,,S
783,0,3,Passenger_783,male,35.3,1,0,T783,4.41,C783,S
784,0,3,Passenger_784,male,38.5,0,0,T784,61.86,,S
785,0,2,Passenger_785,male,37.8,0,0,T785,28.33,,S
786,0,3,Passenger_786,male,45.1,0,0,T786,70.37,,S
787,0,2,Passenger_787,male,41.7,0,0,T787,88.89,,S
788,0,1,Passenger_788,male,,0,0,T788,1.76,,C
789,0,3,Passenger_789,male,,0,0,T789,22.24,,Q
790,0,1,Passenger_790,male,6.7,0,0,T790,15.04,,S
791,1,1,Passenger_791,male,36.0,1,0,T791,31.46,,S
792,1,1,Passenger_792,male,32.9,1,0,T792,50.49,,Q
793,0,1,Passenger_793,male,33.8,0,0,T793,10.54,C793,S
794,0,1,Passenger_794,male,12.1,0,0,T794,26.04,C794,S
795,0,3,Passenger_795,male,14.9,0,0,T795,39.47,,S
796,0,2,Passenger_796,female,,1,0,T796,4.62,,S
797,1,1,Passenger_797,female,29.4,1,0,T797,53.84,,S
798,0,2,Passenger_798,female,39.5,1,0,T798,29.81,,Q
799,0,3,Passenger_799,male,,1,0,T799,95.57,,S
800,1,3,Passenger_800,female,30.4,0,0,T800,13.27,C800,S
801,1,2,Passenger_801,female,43.1,0,2,T801,3.66,C801,S
802,1,3,Passenger_802,female,22.8,0,2,T802,22.6,,S
803,0,2,Passenger_803,male,31.3,0,0,T803,2.87,,S
804,0,2,Passenger_804,male,23.5,1,0,T804,111.71,C804,C
805,1,1,Passenger_805,female,23.9,0,0,T805,1.26,,C
806,1,2,Passenger_806,male,25.7,0,0,T806,44.81,,S
807,0,2,Passenger_807,male,33.1,0,1,T807,23.83,,C
808,1,3,Passenger_808,male,23.3,2,2,T808,14.72,,C
809,1,2,Passenger_809,male,,0,0,T809,2.18,,C
810,0,3,Passenger_810,male,17.5,0,0,T810,31.15,,S
811,0,1,Passenger_811,male,27.4,0,0,T811,28.16,C811,S
812,0,1,Passenger_812,male,23.8,0,0,T812,10.55,,S
813,1,2,Passenger_813,male,50.3,0,2,T813,77.13,,S
814,0,3,Passenger_814,male,32.8,1,1,T814,11.6,,S
815,0,2,Passenger_815,male,,0,0,T815,19.11,,S
816,0,3,Passenger_816,male,9.2,1,0,T816,25.11,,C
817,1,2,Passenger_817,female,33.7,0,0,T817,3.38,,C
818,1,1,Passenger_818,female,,0,0,T818,86.1,C818,C
819,0,1,Passenger_819,male,,2,1,T819,15.02,,S
820,0,2,Passenger_820,male,44.9,0,0,T820,2.7,C820,S
821,0,1,Passenger_821,male,22.8,0,0,T821,15.68,,S
822,1,1,Passenger_822,female,49.7,1,0,T822,29.34,,S
823,0,3,Passenger_823,male,62.2,0,1,T823,23.07,,S
824,0,1,Passenger_824,male,24.9,1,0,T824,37.95,,S
825,0,3,Passenger_825,male,23.8,0,1,T825,1.83,,S
826,0,2,Passenger_826,male,50.3,0,2,T826,10.71,,C
827,1,3,Passenger_827,female,52.1,0,2,T827,54.74,,S
828,1,3,Passenger_828,female,22.7,1,0,T828,2.66,C828,C
829,0,2,Passenger_829,male,,0,0,T829,61.9,C829,S
830,0,2,Passenger_830,male,26.1,1,0,T830,3.08,C830,S
831,0,3,Passenger_831,male,11.2,2,0,T831,57.55,,S
832,0,3,Passenger_832,male,17.1,0,0,T832,14.32,C832,S
833,0,1,Passenger_833,male,,0,0,T833,30.31,,S
834,1,1,Passenger_834,male,,0,0,T834,5.31,,S
835,1,3,Passenger_835,male,29.5,0,1,T835,2.19,,S
836,0,2,Passenger_836,male,33.3,0,0,T836,7.78,,S
837,0,3,Passenger_837,female,51.7,0,0,T837,4.38,,S
838,0,2,Passenger_838,male,16.0,3,1,T838,11.99,,C
839,1,1,Passenger_839,female,43.8,2,0,T839,23.11,C839,S
840,1,3,Passenger_840,female,,1,1,T840,28.43,,C
841,0,3,Passenger_841,male,29.3,1,0,T841,49.92,,S
842,0,1,Passenger_842,female,,0,2,T842,34.17,,Q
843,1,3,Passenger_843,male,14.3,0,0,T843,30.03,C843,C
844,0,3,Passenger_844,male,35.4,1,0,T844,16.98,,S
845,0,3,Passenger_845,male,32.3,0,0,T845,20.55,,S
846,1,1,Passenger_846,female,,2,0,T846,17.13,C846,C
847,0,3,Passenger_847,male,,0,0,T847,59.08,C847,S
848,0,3,Passenger_848,male,64.4,0,0,T848,8.36,,S
849,0,3,Passenger_849,female,21.1,1,0,T849,0.18,,S
850,0,3,Passenger_850,male,22.6,2,0,T850,33.72,C850,C
851,1,1,Passenger_851,female,21.3,0,0,T851,7.24,,C
852,0,3,Passenger_852,female,22.2,1,2,T852,70.67,,S
853,1,3,Passenger_853,female,21.1,0,0,T853,62.7,C853,S
854,1,1,Passenger_854,female,46.6,0,0,T854,2.55,,S
855,1,2,Passenger_855,female,49.9,1,0,T855,3.6,,S
856,0,2,Passenger_856,male,22.0,0,2,T856,21.87,,Q
857,1,3,Passenger_857,female,,0,2,T857,30.07,,S
858,0,1,Passenger_858,male,36.6,0,0,T858,10.29,,S
859,1,3,Passenger_859,male,,0,0,T859,40.37,,S
860,1,3,Passenger_860,male,,0,0,T860,28.92,,C
861,0,3,Passenger_861,female,32.8,0,2,T861,12.57,,S
862,1,3,Passenger_862,female,,0,1,T862,0.82,,S
863,1,3,Passenger_863,female,51.7,2,2,T863,44.38,,S
864,0,1,Passenger_864,male,55.1,0,0,T864,7.74,C864,S
865,0,3,Passenger_865,male,21.4,1,0,T865,57.56,,S
866,1,2,Passenger_866,male,24.6,0,2,T866,17.45,,S
867,1,3,Passenger_867,female,,0,0,T867,27.54,,S
868,1,2,Passenger_868,female,34.7,0,0,T868,66.02,,Q
869,0,3,Passenger_869,male,39.2,0,0,T869,63.75,,C
870,0,3,Passenger_870,male,58.1,0,2,T870,14.86,,Q
871,0,3,Passenger_871,male,27.5,0,0,T871,7.5,C871,S
872,1,1,Passenger_872,male,,0,0,T872,47.75,,Q
873,0,1,Passenger_873,female,10.7,0,0,T873,18.16,,S
874,0,3,Passenger_874,male,19.8,0,1,T874,6.82,,S
875,0,1,Passenger_875,male,29.5,0,0,T875,75.13,C875,S
876,0,3,Passenger_876,male,55.1,0,0,T876,7.06,,S
877,0,1,Passenger_877,male,22.8,2,0,T877,0.84,,S
878,0,3,Passenger_878,female,33.1,0,0,T878,0.66,,S
879,0,2,Passenger_879,male,,0,2,T879,31.16,,S
880,0,3,Passenger_880,male,46.6,0,1,T880,34.68,C880,S
881,0,3,Passenger_881,male,65.4,1,0,T881,11.92,,S
882,1,2,Passenger_882,female,22.6,0,2,T882,12.34,,S
883,1,1,Passenger_883,female,23.1,1,0,T883,13.27,C883,S
884,1,1,Passenger_884,female,44.6,0,0,T884,36.48,C884,C
885,1,3,Passenger_885,male,,2,0,T885,1.92,C885,C
886,0,3,Passenger_886,male,,1,0,T886,84.69,,S
887,0,3,Passenger_887,male,38.2,1,1,T887,8.05,,S
888,1,3,Passenger_888,female,25.0,0,0,T888,256.84,,S
889,0,2,Passenger_889,male,38.3,0,0,T889,6.02,,C
890,1,2,Passenger_890,male,45.5,0,0,T890,47.25,,S
891,0,1,Passenger_891,female,41.5,0,0,T891,8.09,,S
